TLD,Server,Exclude
com,whois.verisign-grs.com,0
net,whois.verisign-grs.com,0
org,whois.pir.org,0
xyz,whois.nic.xyz,0
info,whois.afilias.net,0
top,whois.nic.top,0
biz,whois.biz,0
wang,whois.gtld.knet.cn,0
win,whois.nic.win,0
club,whois.nic.club,0
mobi,whois.dotmobiregistry.net,0
site,whois.centralnic.com,0
bid,whois.nic.bid,0
vip,whois-dub.mm-registry.com,0
online,whois.centralnic.com,0
pro,whois.afilias.net,0
link,whois.uniregistry.net,0
ren,whois.nic.ren,0
red,whois.afilias.net,0
网址,whois.registry.knet.cn,0
loan,whois.nic.loan,0
science,whois.nic.science,0
tech,whois.nic.tech,0
website,whois.nic.website,0
space,whois.nic.space,0
date,whois.nic.date,0
racing,whois.nic.racing,0
click,whois.uniregistry.net,0
kim,whois.afilias.net,0
xin,whois.afilias-srs.net,0
trade,whois.nic.trade,0
cat,whois.cat,0
xxx,whois.nic.xxx,0
work,whois-dub.mm-registry.com,0
download,whois.nic.download,0
nyc,whois.nic.nyc,0
news,whois.rightside.co,0
lol,whois.uniregistry.net,0
信息,whois.ngtld.cn,0
realtor,whois.nic.realtor,0
cloud,whois.nic.cloud,0
rocks,whois.unitedtld.com,0
review,whois.nic.review,0
live,whois.rightside.co,0
one,whois.nic.one,0
london,whois-lon.mm-registry.com,0
pub,whois.unitedtld.com,0
party,whois.nic.party,0
guru,whois.donuts.co,0
berlin,whois.nic.berlin,0
store,whois.nic.store,0
email,whois.donuts.co,0
ovh,whois-ovh.nic.fr,0
today,whois.donuts.co,0
accountant,whois.nic.accountant,0
solutions,whois.donuts.co,0
mom,whois.uniregistry.net,0
faith,whois.nic.faith,0
photography,whois.donuts.co,0
tokyo,whois.nic.tokyo,0
design,whois.nic.design,0
company,whois.donuts.co,0
公司,whois.ngtld.cn,0
jobs,jobswhois.verisign-grs.com,0
shop,whois.nic.shop,0
life,whois.donuts.co,0
blue,whois.afilias.net,0
press,whois.nic.press,0
pink,whois.afilias.net,0
help,whois.uniregistry.net,0
ninja,whois.unitedtld.com,0
webcam,whois.nic.webcam,0
tips,whois.donuts.co,0
world,whois.donuts.co,0
bayern,whois-dub.mm-registry.com,0
center,whois.donuts.co,0
city,whois.donuts.co,0
host,whois.nic.host,0
ltd,whois.donuts.co,0
网络,whois.ngtld.cn,0
手机,whois.afilias-srs.net,0
media,whois.donuts.co,0
agency,whois.donuts.co,0
expert,whois.donuts.co,0
bet,whois.afilias.net,0
global,whois.nic.global,0
photo,whois.uniregistry.net,0
technology,whois.donuts.co,0
amsterdam,whois.nic.amsterdam,0
hamburg,whois.nic.hamburg,0
koeln,whois-fe1.pdt.koeln.tango.knipp.de,0
ink,whois.nic.ink,0
cricket,whois.nic.cricket,0
我爱你,whois.gtld.knet.cn,0
services,whois.donuts.co,0
black,whois.afilias.net,0
gift,whois.uniregistry.net,0
men,whois.nic.men,0
paris,whois-paris.nic.fr,0
academy,whois.donuts.co,0
international,whois.donuts.co,0
systems,whois.donuts.co,0
uno,whois.nic.uno,0
education,whois.donuts.co,0
photos,whois.donuts.co,0
love,whois.nic.love,0
moscow,whois.nic.moscow,0
consulting,whois.unitedtld.com,0
casa,whois-dub.mm-registry.com,0
events,whois.donuts.co,0
wiki,whois.nic.wiki,0
travel,whois.nic.travel,0
sexy,whois.uniregistry.net,0
gallery,whois.donuts.co,0
digital,whois.donuts.co,0
support,whois.donuts.co,0
network,whois.donuts.co,0
directory,whois.donuts.co,0
run,whois.donuts.co,0
training,whois.donuts.co,0
social,whois.unitedtld.com,0
video,whois.rightside.co,0
studio,whois.rightside.co,0
zone,whois.donuts.co,0
swiss,whois.nic.swiss,0
istanbul,whois.afilias-srs.net,0
reviews,whois.unitedtld.com,0
marketing,whois.donuts.co,0
miami,whois-dub.mm-registry.com,0
church,whois.donuts.co,0
stream,whois.nic.stream,0
москва,whois.nic.xn--80adxhks,0
pics,whois.uniregistry.net,0
bio,whois.ksregistry.net,0
在线,whois.afilias-srs.net,0
wien,whois.nic.wien,0
house,whois.donuts.co,0
ruhr,whois.nic.ruhr,0
コム,whois.nic.xn--tckwe,0
bike,whois.donuts.co,0
land,whois.donuts.co,0
frl,whois.nic.frl,0
guide,whois.donuts.co,0
vegas,whois.afilias-srs.net,0
clothing,whois.donuts.co,0
lawyer,whois.rightside.co,0
care,whois.donuts.co,0
ooo,whois.nic.ooo,0
sex,whois.afilias-srs.net,0
business,whois.donuts.co,0
中文网,whois.afilias-srs.net,0
gmbh,whois.donuts.co,0
porn,whois.afilias-srs.net,0
ist,whois.afilias-srs.net,0
商城,whois.gtld.knet.cn,0
immo,whois.donuts.co,0
property,whois.uniregistry.net,0
cool,whois.donuts.co,0
wales,whois.nic.wales,0
рус,whois.nic.xn--p1acf,0
coffee,whois.donuts.co,0
scot,whois.scot.coreregistry.net,0
wine,whois.donuts.co,0
sale,whois.rightside.co,0
beer,whois-dub.mm-registry.com,0
family,whois.rightside.co,0
properties,whois.donuts.co,0
works,whois.donuts.co,0
market,whois.rightside.co,0
rentals,whois.donuts.co,0
software,whois.rightside.co,0
kiwi,whois.nic.kiwi,0
nrw,whois.nic.nrw,0
community,whois.donuts.co,0
management,whois.donuts.co,0
farm,whois.donuts.co,0
adult,whois.afilias-srs.net,0
estate,whois.donuts.co,0
direct,whois.donuts.co,0
buzz,whois.nic.buzz,0
pet,whois.afilias.net,0
melbourne,whois.aridnrs.net.au,0
gold,whois.donuts.co,0
quebec,whois.nic.quebec,0
kaufen,whois.unitedtld.com,0
legal,whois.donuts.co,0
band,whois.rightside.co,0
chat,whois.donuts.co,0
group,whois.donuts.co,0
移动,whois.afilias.net,0
attorney,whois.rightside.co,0
sydney,whois.nic.sydney,0
fit,whois-dub.mm-registry.com,0
fund,whois.donuts.co,0
team,whois.donuts.co,0
fitness,whois.donuts.co,0
institute,whois.donuts.co,0
fashion,whois-dub.mm-registry.com,0
school,whois.donuts.co,0
deals,whois.donuts.co,0
boutique,whois.donuts.co,0
rent,whois.nic.rent,0
coop,whois.nic.coop,0
audio,whois.uniregistry.net,0
wtf,whois.donuts.co,0
ventures,whois.donuts.co,0
healthcare,whois.donuts.co,0
graphics,whois.donuts.co,0
tools,whois.donuts.co,0
cafe,whois.donuts.co,0
immobilien,whois.unitedtld.com,0
fyi,whois.donuts.co,0
sucks,whois.nic.sucks,0
coach,whois.donuts.co,0
foundation,whois.donuts.co,0
dog,whois.donuts.co,0
닷컴,whois.nic.xn--mk1bu44c,0
pictures,whois.donuts.co,0
careers,whois.donuts.co,0
wedding,whois-dub.mm-registry.com,0
dental,whois.donuts.co,0
domains,whois.donuts.co,0
yoga,whois-dub.mm-registry.com,0
solar,whois.donuts.co,0
brussels,whois.nic.brussels,0
construction,whois.donuts.co,0
equipment,whois.donuts.co,0
menu,whois.nic.menu,0
jetzt,whois.nic.jetzt,0
bzh,whois-bzh.nic.fr,0
cymru,whois.nic.cymru,0
vlaanderen,whois.nic.vlaanderen,0
forsale,whois.unitedtld.com,0
ski,whois.ksregistry.net,0
vin,whois.donuts.co,0
law,whois-dub.mm-registry.com,0
lighting,whois.donuts.co,0
repair,whois.donuts.co,0
plus,whois.donuts.co,0
kitchen,whois.donuts.co,0
restaurant,whois.donuts.co,0
money,whois.donuts.co,0
camp,whois.donuts.co,0
barcelona,whois.nic.barcelona,0
cash,whois.donuts.co,0
eus,whois.eus.coreregistry.net,0
clinic,whois.donuts.co,0
vet,whois.rightside.co,0
shoes,whois.donuts.co,0
style,whois.donuts.co,0
golf,whois.donuts.co,0
games,whois.rightside.co,0
college,whois.nic.college,0
moe,whois.nic.moe,0
capital,whois.donuts.co,0
cards,whois.donuts.co,0
hosting,whois.uniregistry.net,0
cologne,whois-fe1.pdt.cologne.tango.knipp.de,0
watch,whois.donuts.co,0
enterprises,whois.donuts.co,0
parts,whois.donuts.co,0
camera,whois.donuts.co,0
tours,whois.donuts.co,0
dance,whois.unitedtld.com,0
productions,whois.donuts.co,0
taxi,whois.donuts.co,0
codes,whois.donuts.co,0
holiday,whois.donuts.co,0
earth,whois.nic.earth,0
vision,whois.donuts.co,0
bar,whois.nic.bar,0
finance,whois.donuts.co,0
report,whois.donuts.co,0
energy,whois.donuts.co,0
holdings,whois.donuts.co,0
tax,whois.donuts.co,0
partners,whois.donuts.co,0
reisen,whois.donuts.co,0
university,whois.donuts.co,0
computer,whois.donuts.co,0
exchange,whois.donuts.co,0
capetown,capetown-whois.registry.net.za,0
tirol,whois.nic.tirol,0
limited,whois.donuts.co,0
网店,whois.nic.xn--hxt814e,0
onl,whois.afilias-srs.net,0
kred,whois.nic.kred,0
singles,whois.donuts.co,0
discount,whois.donuts.co,0
haus,whois.unitedtld.com,0
contractors,whois.donuts.co,0
show,whois.donuts.co,0
football,whois.donuts.co,0
vacations,whois.donuts.co,0
nagoya,whois.nic.nagoya,0
toys,whois.donuts.co,0
pizza,whois.donuts.co,0
poker,whois.afilias.net,0
insure,whois.donuts.co,0
build,whois.nic.build,0
gratis,whois.donuts.co,0
cab,whois.donuts.co,0
engineering,whois.donuts.co,0
builders,whois.donuts.co,0
express,whois.donuts.co,0
place,whois.donuts.co,0
plumbing,whois.donuts.co,0
saarland,whois.ksregistry.net,0
diet,whois.uniregistry.net,0
fish,whois.donuts.co,0
supply,whois.donuts.co,0
archi,whois.ksregistry.net,0
joburg,joburg-whois.registry.net.za,0
gifts,whois.donuts.co,0
ngo,whois.publicinterestregistry.net,0
ong,whois.publicinterestregistry.net,0
glass,whois.donuts.co,0
degree,whois.rightside.co,0
yokohama,whois.nic.yokohama,0
gal,whois.gal.coreregistry.net,0
financial,whois.donuts.co,0
gent,whois.nic.gent,0
catering,whois.donuts.co,0
rip,whois.rightside.co,0
casino,whois.donuts.co,0
green,whois.afilias.net,0
recipes,whois.donuts.co,0
futbol,whois.unitedtld.com,0
apartments,whois.donuts.co,0
cheap,whois.donuts.co,0
supplies,whois.donuts.co,0
auction,whois.unitedtld.com,0
feedback,whois.nic.feedback,0
industries,whois.donuts.co,0
loans,whois.donuts.co,0
bank,whois.nic.bank,0
dentist,whois.rightside.co,0
srl,whois.afilias-srs.net,0
diamonds,whois.donuts.co,0
okinawa,whois.nic.okinawa,0
promo,whois.afilias.net,0
best,whois.nic.best,0
investments,whois.donuts.co,0
taipei,whois.nic.taipei,0
voyage,whois.donuts.co,0
dating,whois.donuts.co,0
town,whois.donuts.co,0
lgbt,whois.afilias.net,0
mortgage,whois.rightside.co,0
surf,whois-dub.mm-registry.com,0
delivery,whois.donuts.co,0
mba,whois.donuts.co,0
limo,whois.donuts.co,0
horse,whois-dub.mm-registry.com,0
ceo,whois.nic.ceo,0
florist,whois.donuts.co,0
tienda,whois.donuts.co,0
fail,whois.donuts.co,0
exposed,whois.donuts.co,0
moda,whois.unitedtld.com,0
soccer,whois.donuts.co,0
durban,durban-whois.registry.net.za,0
tattoo,whois.uniregistry.net,0
cleaning,whois.donuts.co,0
film,whois.nic.film,0
how,domain-registry-whois.l.google.com,0
christmas,whois.uniregistry.net,0
engineer,whois.rightside.co,0
jewelry,whois.donuts.co,0
associates,whois.donuts.co,0
bargains,whois.donuts.co,0
credit,whois.donuts.co,0
versicherung,whois.nic.versicherung,0
furniture,whois.donuts.co,0
онлайн,whois.online.rs.corenic.net,0
condos,whois.donuts.co,0
desi,whois.ksregistry.net,0
lat,whois.nic.lat,0
cruises,whois.donuts.co,0
game,whois.uniregistry.net,0
닷넷,whois.nic.xn--t60b56a,0
schule,whois.donuts.co,0
surgery,whois.donuts.co,0
cooking,whois-dub.mm-registry.com,0
irish,whois.afilias-srs.net,0
gop,whois-cl01.mm-registry.com,0
alsace,whois-alsace.nic.fr,0
vodka,whois-dub.mm-registry.com,0
garden,whois-dub.mm-registry.com,0
flights,whois.donuts.co,0
villas,whois.donuts.co,0
fishing,whois-dub.mm-registry.com,0
blackfriday,whois.uniregistry.net,0
vote,whois.afilias.net,0
flowers,whois.uniregistry.net,0
mma,whois-mma.nic.fr,0
coupons,whois.donuts.co,0
rehab,whois.rightside.co,0
actor,whois.unitedtld.com,0
soy,domain-registry-whois.l.google.com,0
hiphop,whois.uniregistry.net,0
guitars,whois.uniregistry.net,0
みんな,domain-registry-whois.l.google.com,0
lease,whois.donuts.co,0
courses,whois.aridnrs.net.au,0
claims,whois.donuts.co,0
country,whois-dub.mm-registry.com,0
rest,whois.nic.rest,0
rio,whois.gtlds.nic.br,0
орг,whois.publicinterestregistry.net,0
fans,whois.nic.fans,0
tennis,whois.donuts.co,0
tube,whois.nic.tube,0
accountants,whois.donuts.co,0
army,whois.rightside.co,0
reise,whois.nic.reise,0
hockey,whois.donuts.co,0
viajes,whois.donuts.co,0
museum,whois.museum,0
physio,whois.nic.physio,0
movie,whois.donuts.co,0
career,whois.nic.career,0
дети,whois.nic.xn--d1acj3b,0
maison,whois.donuts.co,0
juegos,whois.uniregistry.net,0
gives,whois.rightside.co,0
сайт,whois.site.rs.corenic.net,0
gripe,whois.donuts.co,0
bingo,whois.donuts.co,0
集团,whois.gtld.knet.cn,0
tickets,whois.nic.tickets,0
theater,whois.donuts.co,0
luxury,whois.nic.luxury,0
study,whois.nic.study,0
voting,whois.voting.tld-box.at,0
sarl,whois.donuts.co,0
tatar,whois.nic.tatar,0
democrat,whois.unitedtld.com,0
rodeo,whois-dub.mm-registry.com,0
salon,whois.nic.salon,0
republican,whois.rightside.co,0
corsica,whois-corsica.nic.fr,0
creditcard,whois.donuts.co,0
shiksha,whois.afilias.net,0
tires,whois.donuts.co,0
navy,whois.rightside.co,0
shopping,whois.donuts.co,0
osaka,whois.nic.osaka,0
neustar,whois.nic.neustar,0
qpon,whois.nic.qpon,0
ryukyu,whois.nic.ryukyu,0
organic,whois.afilias.net,0
kyoto,whois.nic.kyoto,0
memorial,whois.donuts.co,0
bible,whois.nic.bible,0
auto,whois.uniregistry.net,0
car,whois.uniregistry.net,0
ltda,whois.afilias-srs.net,0
markets,whois.nic.markets,0
hiv,whois.afilias-srs.net,0
airforce,whois.unitedtld.com,0
cars,whois.uniregistry.net,0
krd,whois.aridnrs.net.au,0
trading,whois.nic.trading,0
voto,whois.afilias.net,0
机构,whois.publicinterestregistry.net,0
security,whois.nic.security,0
abogado,whois-dub.mm-registry.com,0
hoteles,whois.nic.hoteles,0
中信,whois.gtld.knet.cn,0
storage,whois.afilias-srs.net,0
homes,whois.afilias-srs.net,0
boats,whois.afilias-srs.net,0
reit,whois.nic.reit,0
broker,whois.nic.broker,0
theatre,whois.nic.theatre,0
nra,whois.afilias-srs.net,0
pharmacy,whois.nic.pharmacy,0
citic,whois.nic.citic,0
insurance,whois.nic.insurance,0
yachts,whois.afilias-srs.net,0
广东,whois.ngtld.cn,0
佛山,whois.ngtld.cn,0
bradesco,whois-cl01.mm-registry.com,0
संगठन,whois.publicinterestregistry.net,0
wed,whois.nic.wed,0
protection,whois.nic.protection,0
seat,whois.nic.seat,0
weir,whois.nic.weir,0
barclays,whois.nic.barclays,0
abbott,whois.afilias-srs.net,0
moi,whois.nic.moi,0
cancerresearch,whois.nic.cancerresearch,0
cam,whois.ksregistry.net,0
leclerc,whois-leclerc.nic.fr,0
lotto,whois.afilias.net,0
bloomberg,whois.nic.bloomberg,0
rich,whois.afilias-srs.net,0
whoswho,whois.nic.whoswho,0
fage,whois.afilias-srs.net,0
forex,whois.nic.forex,0
globo,whois.gtlds.nic.br,0
linde,whois.nic.linde,0
motorcycles,whois.afilias-srs.net,0
trust,whois.nic.trust,0
autos,whois.afilias-srs.net,0
八卦,whois.nic.xn--45q11c,0
makeup,whois.nic.makeup,0
man,whois.nic.man,0
firmdale,whois.nic.firmdale,0
pictet,whois.nic.pictet,0
sky,whois.nic.sky,0
uol,whois.gtlds.nic.br,0
sener,whois.nic.sener,0
microsoft,whois.nic.microsoft,0
audi,whois.afilias-srs.net,0
blog,whois.nic.blog,0
mango,whois.mango.coreregistry.net,0
shriram,whois.afilias-srs.net,0
csc,whois.nic.csc,0
mini,whois.ksregistry.net,0
abb,whois.nic.abb,0
monash,whois.nic.monash,0
aco,whois.afilias-srs.net,0
bentley,whois.nic.bentley,0
aig,whois.nic.aig,0
saxo,whois.aridnrs.net.au,0
windows,whois.nic.windows,0
xbox,whois.nic.xbox,0
orange,whois.nic.orange,0
arte,whois.nic.arte,0
bbva,whois.nic.bbva,0
cba,whois.nic.cba,0
cern,whois.afilias-srs.net,0
cisco,whois.nic.cisco,0
dvag,whois.ksregistry.net,0
bing,whois.nic.bing,0
shell,whois.nic.shell,0
chanel,whois.nic.chanel,0
foo,domain-registry-whois.l.google.com,0
philips,whois.nic.philips,0
tatamotors,whois.nic.tatamotors,0
clubmed,whois.nic.clubmed,0
yandex,whois.nic.yandex,0
axa,whois.nic.axa,0
maif,whois.nic.maif,0
oracle,whois.nic.oracle,0
stada,whois.afilias-srs.net,0
swatch,whois.nic.swatch,0
aeg,whois.nic.aeg,0
bmw,whois.ksregistry.net,0
genting,whois.nic.genting,0
ubs,whois.nic.ubs,0
xperia,whois.nic.xperia,0
aquarelle,whois-aquarelle.nic.fr,0
landrover,whois.nic.landrover,0
rwe,whois.nic.rwe,0
sbs,whois.nic.sbs,0
symantec,whois.nic.symantec,0
嘉里大酒店,whois.nic.xn--w4r85el8fhu5dnra,0
kerryhotels,whois.nic.kerryhotels,0
airbus,whois.nic.airbus,0
nextdirect,whois.nic.nextdirect,0
bms,whois.nic.bms,0
java,whois.nic.java,0
jprs,whois.nic.jprs,0
lupin,whois.nic.lupin,0
sanofi,whois.nic.sanofi,0
jaguar,whois.nic.jaguar,0
lipsy,whois.nic.lipsy,0
next,whois.nic.next,0
accenture,whois.nic.accenture,0
azure,whois.nic.azure,0
barclaycard,whois.nic.barclaycard,0
hotmail,whois.nic.hotmail,0
praxi,whois.nic.praxi,0
sca,whois.nic.sca,0
scb,whois.nic.scb,0
schwarz,whois.nic.schwarz,0
statoil,whois.nic.statoil,0
toray,whois.nic.toray,0
kpn,whois.nic.kpn,0
afl,whois.nic.afl,0
google,domain-registry-whois.l.google.com,0
liaison,whois.nic.liaison,0
williamhill,whois.nic.williamhill,0
weber,whois.nic.weber,0
nikon,whois.nic.nikon,0
nissay,whois.nic.nissay,0
warman,whois.nic.warman,0
lego,whois.nic.lego,0
ericsson,whois.nic.ericsson,0
otsuka,whois.nic.otsuka,0
realty,whois.nic.realty,0
guardian,whois.nic.guardian,0
goog,domain-registry-whois.l.google.com,0
omega,whois.nic.omega,0
网站,whois.afilias-srs.net,0
norton,whois.nic.norton,0
fox,whois.nic.fox,0
deloitte,whois.nic.deloitte,0
cfa,whois.nic.cfa,0
crs,whois.nic.crs,0
forum,whois.nic.forum,0
ice,whois.nic.ice,0
nadex,whois.nic.nadex,0
aarp,whois.nic.aarp,0
lamborghini,whois.afilias-srs.net,0
blanco,whois.nic.blanco,0
walter,whois.nic.walter,0
active,whois.afilias-srs.net,0
crown,whois.nic.crown,0
dabur,whois.afilias-srs.net,0
emerck,whois.afilias-srs.net,0
gmo,whois.nic.gmo,0
jcb,whois.nic.gmo,0
lidl,whois.nic.lidl,0
redstone,whois.afilias-srs.net,0
sandvik,whois.nic.sandvik,0
飞利浦,whois.nic.xn--kcrx77d1x4a,0
med,whois.nic.med,0
skin,whois.nic.skin,0
dnp,whois.nic.dnp,0
lancaster,whois-lancaster.nic.fr,0
nico,whois.nic.nico,0
obi,whois.nic.obi,0
samsung,whois.nic.samsung,0
sew,whois.afilias-srs.net,0
spreadbetting,whois.nic.spreadbetting,0
慈善,whois.nic.wang,0
新闻,whois.nic.xn--efvy88h,0
cfd,whois.nic.cfd,0
komatsu,whois.nic.komatsu,0
ntt,whois.nic.ntt,0
sap,whois.nic.sap,0
삼성,whois.kr,0
ally,whois.afilias-srs.net,0
brother,whois.nic.brother,0
fan,whois.nic.fan,0
frogans,whois-frogans.nic.fr,0
latrobe,whois.nic.latrobe,0
mtn,whois.nic.mtn,0
sandvikcoromant,whois.nic.sandvikcoromant,0
skype,whois.nic.skype,0
sony,whois.nic.sony,0
seven,whois.nic.seven,0
sohu,whois.nic.sohu,0
sfr,whois.nic.sfr,0
bridgestone,whois.nic.bridgestone,0
eurovision,whois.nic.eurovision,0
everbank,whois.nic.everbank,0
hitachi,whois.nic.gmo,0
jll,whois.afilias-srs.net,0
marriott,whois.afilias-srs.net,0
suzuki,whois.nic.suzuki,0
toyota,whois.nic.toyota,0
vistaprint,whois.nic.vistaprint,0
wme,whois.nic.wme,0
erni,whois.nic.erni,0
ferrero,whois.nic.ferrero,0
dell,whois.nic.dell,0
volkswagen,whois.nic.volkswagen,0
extraspace,whois.afilias-srs.net,0
canon,whois.nic.canon,0
here,domain-registry-whois.l.google.com,0
nec,whois.nic.nec,0
nokia,whois.afilias-srs.net,0
page,domain-registry-whois.l.google.com,0
ricoh,whois.nic.ricoh,0
schmidt,whois.nic.schmidt,0
sncf,whois-sncf.nic.fr,0
stc,whois.centralnic.com,0
mtr,whois.nic.mtr,0
amica,whois.nic.amica,0
bugatti,whois.afilias-srs.net,0
travelers,whois.afilias-srs.net,0
teva,whois.nic.teva,0
aws,whois.nic.aws,0
aaa,whois.nic.aaa,0
ads,domain-registry-whois.l.google.com,0
allfinanz,whois.ksregistry.net,0
app,whois.nic.google,0
bbc,whois.nic.bbc,0
boo,domain-registry-whois.l.google.com,0
channel,domain-registry-whois.l.google.com,0
dad,domain-registry-whois.l.google.com,0
day,domain-registry-whois.l.google.com,0
eat,domain-registry-whois.l.google.com,0
esq,domain-registry-whois.l.google.com,0
fly,domain-registry-whois.l.google.com,0
gbiz,domain-registry-whois.l.google.com,0
gmail,domain-registry-whois.l.google.com,0
goo,whois.nic.gmo,0
ing,domain-registry-whois.l.google.com,0
ipiranga,whois.nic.ipiranga,0
lexus,whois.nic.lexus,0
meme,domain-registry-whois.l.google.com,0
mov,domain-registry-whois.l.google.com,0
netbank,whois.nic.netbank,0
new,domain-registry-whois.l.google.com,0
prod,domain-registry-whois.l.google.com,0
prof,domain-registry-whois.l.google.com,0
rsvp,domain-registry-whois.l.google.com,0
spiegel,whois.ksregistry.net,0
toshiba,whois.nic.toshiba,0
vista,whois.nic.vista,0
xerox,whois.nic.xerox,0
娱乐,whois.donuts.co,0
游戏,whois.donuts.co,0
youtube,domain-registry-whois.l.google.com,0
zip,domain-registry-whois.l.google.com,0
hermes,whois.afilias-srs.net,0
kinder,whois.nic.kinder,0
aramco,whois.nic.aramco,0
redumbrella,whois.afilias-srs.net,0
rocher,whois.nic.rocher,0
grainger,whois.nic.grainger,0
broadway,whois-cl01.mm-registry.com,0
jmp,whois.nic.jmp,0
trv,whois.afilias-srs.net,0
travelersinsurance,whois.afilias-srs.net,0
schaeffler,whois.afilias-srs.net,0
statefarm,whois.nic.statefarm,0
lanxess,whois.nic.lanxess,0
quest,whois.nic.quest,0
jpmorgan,whois.nic.jpmorgan,0
chase,whois.nic.chase,0
natura,whois.afilias-srs.net,0
locus,whois.nic.locus,0
jcp,whois.afilias-srs.net,0
dhl,whois.nic.dhl,0
dupont,whois.nic.dupont,0
art,whois.centralnic.com,0
airtel,whois.nic.airtel,0
android,domain-registry-whois.l.google.com,0
bauhaus,whois.nic.bauhaus,0
bcn,whois.nic.bcn,0
bharti,whois.nic.bharti,0
bnl,whois.afilias-srs.net,0
bom,whois.gtlds.nic.br,0
bond,whois.nic.bond,0
boots,whois.nic.boots,0
budapest,whois-dub.mm-registry.com,0
cal,domain-registry-whois.l.google.com,0
caravan,whois.nic.caravan,0
cartier,whois.nic.cartier,0
cbn,whois.nic.cbn,0
ceb,whois.afilias-srs.net,0
chloe,whois.nic.chloe,0
chrome,domain-registry-whois.l.google.com,0
commbank,whois.nic.commbank,0
cuisinella,whois.nic.cuisinella,0
cyou,whois.afilias-srs.net,0
datsun,whois.nic.gmo,0
dclk,domain-registry-whois.l.google.com,0
delta,whois.afilias-srs.net,0
dev,domain-registry-whois.l.google.com,0
docs,domain-registry-whois.l.google.com,0
doha,whois.nic.doha,0
drive,whois.nic.google,0
epson,whois.aridnrs.net.au,0
final,whois.gtlds.nic.br,0
flsmidth,whois.ksregistry.net,0
gea,whois.afilias-srs.net,0
ggee,whois.nic.ggee,0
giving,whois.nic.giving,0
gle,domain-registry-whois.l.google.com,0
gmx,whois-fe1.gmx.tango.knipp.de,0
goldpoint,whois.nic.goldpoint,0
guge,domain-registry-whois.l.google.com,0
hangout,domain-registry-whois.l.google.com,0
homedepot,whois.afilias-srs.net,0
honda,whois.nic.honda,0
hsbc,whois.nic.hsbc,0
hyundai,whois.nic.hyundai,0
ibm,whois.nic.ibm,0
icbc,whois.afilias-srs.net,0
icu,whois.nic.icu,0
iinet,whois.aridnrs.net.au,0
infiniti,whois.nic.gmo,0
itau,whois.nic.itau,0
iwc,whois.nic.iwc,0
jlc,whois.nic.jlc,0
kddi,whois.nic.kddi,0
kia,whois.nic.kia,0
lacaixa,whois.nic.lacaixa,0
lasalle,whois.afilias-srs.net,0
lds,whois.afilias-srs.net,0
lixil,whois.nic.lixil,0
lotte,whois.nic.lotte,0
luxe,whois-dub.mm-registry.com,0
madrid,whois.madrid.rs.corenic.net,0
meet,whois.afilias.net,0
montblanc,whois.nic.montblanc,0
mormon,whois.afilias-srs.net,0
movistar,whois-fe.movistar.tango.knipp.de,0
mtpc,whois.nic.gmo,0
nexus,domain-registry-whois.l.google.com,0
nhk,whois.nic.nhk,0
nissan,whois.nic.gmo,0
office,whois.nic.office,0
panerai,whois.nic.panerai,0
piaget,whois.nic.piaget,0
play,whois.nic.google,0
pohl,whois.ksregistry.net,0
sakura,whois.nic.sakura,0
scholarships,whois.afilias-srs.net,0
scor,whois.nic.scor,0
seek,whois.nic.seek,0
starhub,whois.nic.starhub,0
stcgroup,whois.centralnic.com,0
stockholm,whois.afilias-srs.net,0
telefonica,whois-fe.telefonica.tango.knipp.de,0
temasek,whois.afilias-srs.net,0
thd,whois.afilias-srs.net,0
tui,whois.ksregistry.net,0
viva,whois.centralnic.com,0
wtc,whois.nic.wtc,0
कॉम,whois.nic.xn--11b4c3d,0
点看,whois.nic.xn--3pxu8k,0
คอม,whois.nic.xn--42c2d9a,0
公益,whois.conac.cn,0
时尚,whois.nic.wang,0
淡马锡,whois.afilias-srs.net,0
नेट,whois.nic.xn--c2br7g,0
商店,whois.donuts.co,0
工行,whois.afilias-srs.net,0
谷歌,domain-registry-whois.l.google.com,0
ком,whois.nic.xn--j1aef,0
组织机构,whois.publicinterestregistry.net,0
大拿,whois.nic.xn--pssy2u,0
グーグル,domain-registry-whois.l.google.com,0
vermögensberater,whois.ksregistry.net,0
vermögensberatung,whois.ksregistry.net,0
企业,whois.donuts.co,0
政务,whois.conac.cn,0
yodobashi,whois.nic.gmo,0
zuerich,whois.ksregistry.net,0
cipriani,whois.afilias-srs.net,0
virgin,whois.nic.virgin,0
yamaxun,whois.nic.yamaxun,0
vuelos,whois.nic.vuelos,0
mutuelle,whois-mutuelle.nic.fr,0
zara,whois.afilias-srs.net,0
gucci,whois.nic.gucci,0
meo,whois.nic.meo,0
ping,whois.nic.ping,0
sapo,whois.nic.sapo,0
apple,whois.afilias-srs.net,0
beats,whois.afilias-srs.net,0
fairwinds,whois.nic.fairwinds,0
playstation,whois.nic.playstation,0
comsec,whois.nic.comsec,0
cityeats,whois.nic.cityeats,0
creditunion,whois.afilias-srs.net,0
lifestyle,whois.nic.lifestyle,0
vana,whois.nic.vana,0
ford,whois.nic.ford,0
tab,whois.nic.tab,0
book,whois.nic.book,0
bot,whois.nic.bot,0
boehringer,whois.afilias-srs.net,0
bostik,whois-bostik.nic.fr,0
verisign,whois.nic.verisign,0
bosch,whois.nic.bosch,0
author,whois.nic.author,0
buy,whois.afilias-srs.net,0
call,whois.nic.call,0
circle,whois.nic.circle,0
fast,whois.nic.fast,0
firestone,whois.nic.firestone,0
got,whois.nic.got,0
jot,whois.nic.jot,0
joy,whois.nic.joy,0
like,whois.nic.like,0
nowruz,whois.agitsys.net,0
pin,whois.nic.pin,0
read,whois.nic.read,0
room,whois.nic.room,0
safe,whois.nic.safe,0
sharp,whois.nic.gmo,0
shia,whois.agitsys.net,0
smile,whois.nic.smile,0
tci,whois.agitsys.net,0
zero,whois.nic.zero,0
dealer,whois.nic.dealer,0
pars,whois.agitsys.net,0
contact,whois.nic.contact,0
tushu,whois.nic.tushu,0
watches,whois.nic.watches,0
kfh,whois.centralnic.com,0
wanggou,whois.nic.wanggou,0
lincoln,whois.nic.lincoln,0
sas,whois.nic.sas,0
诺基亚,whois.afilias-srs.net,0
clinique,whois.afilias-srs.net,0
analytics,whois.nic.analytics,0
mobily,whois.nic.mobily,0
pid,whois.nic.pid,0
star,whois.afilias-srs.net,0
lamer,whois.afilias-srs.net,0
origins,whois.afilias-srs.net,0
rexroth,whois.nic.rexroth,0
safety,whois.nic.safety,0
baidu,whois.ngtld.cn,0
living,whois.nic.living,0
dubai,whois.nic.dubai,0
frontier,whois.nic.frontier,0
fresenius,whois.ksregistry.net,0
alibaba,whois.nic.alibaba,0
weather,whois.nic.weather,0
lifeinsurance,whois.nic.lifeinsurance,0
iselect,whois.nic.iselect,0
mlb,whois.nic.mlb,0
compare,whois.nic.compare,0
select,whois.nic.select,0
alipay,whois.nic.alipay,0
softbank,whois.nic.softbank,0
edeka,whois.afilias-srs.net,0
pamperedchef,whois.nic.pamperedchef,0
taobao,whois.nic.taobao,0
tiffany,whois.nic.tiffany,0
tmall,whois.nic.tmall,0
adac,whois.nic.adac,0
health,whois.nic.health,0
helsinki,whois.afilias-srs.net,0
spot,whois.nic.spot,0
weatherchannel,whois.nic.weatherchannel,0
nfl,whois.nic.nfl,0
coupon,whois.nic.coupon,0
kerrylogistics,whois.nic.kerrylogistics,0
song,whois.nic.song,0
tvs,whois.afilias-srs.net,0
flickr,whois.nic.flickr,0
gallup,whois.afilias-srs.net,0
hdfcbank,whois.afilias-srs.net,0
pwc,whois.afilias-srs.net,0
wolterskluwer,whois.afilias-srs.net,0
yahoo,whois.nic.yahoo,0
telecity,whois.nic.telecity,0
viking,whois.afilias-srs.net,0
afamilycompany,whois.nic.afamilycompany,0
tunes,whois.nic.tunes,0
passagens,whois.nic.passagens,0
avianca,whois.afilias-srs.net,0
kerryproperties,whois.nic.kerryproperties,0
kuokgroup,whois.nic.kuokgroup,0
imamat,whois.afilias-srs.net,0
olayan,whois.nic.olayan,0
bcg,whois.afilias-srs.net,0
total,whois-total.nic.fr,0
fidelity,whois.nic.fidelity,0
jnj,whois.nic.jnj,0
gallo,whois.nic.gallo,0
anquan,whois.teleinfo.cn,0
barefoot,whois.nic.barefoot,0
hkt,whois.afilias-srs.net,0
talk,whois.nic.talk,0
you,whois.nic.you,0
kpmg,whois.nic.kpmg,0
shouji,whois.teleinfo.cn,0
sina,whois.afilias-srs.net,0
xihuan,whois.teleinfo.cn,0
yun,whois.teleinfo.cn,0
mutual,whois.nic.mutual,0
abbvie,whois.afilias-srs.net,0
abudhabi,whois.nic.abudhabi,0
baby,whois.nic.baby,0
northwesternmutual,whois.nic.northwesternmutual,0
vig,whois.afilias-srs.net,0
weibo,whois.afilias-srs.net,0
微博,whois.afilias-srs.net,0
mls,whois.nic.mls,0
olayangroup,whois.nic.olayangroup,0
agakhan,whois.afilias-srs.net,0
akdn,whois.afilias-srs.net,0
richardli,whois.afilias-srs.net,0
ftr,whois.nic.ftr,0
ismaili,whois.afilias-srs.net,0
sbi,whois.afilias-srs.net,0
statebank,whois.afilias-srs.net,0
nab,whois.nic.nab,0
嘉里,whois.nic.xn--w4rs40l,0
progressive,whois.afilias-srs.net,0
nowtv,whois.afilias-srs.net,0
lpl,whois.nic.lpl,0
ikano,whois.ikano.tld-box.at,0
pccw,whois.afilias-srs.net,0
dds,whois-dub.mm-registry.com,0
able,whois.nic.able,0
aetna,whois.nic.aetna,0
metlife,whois.afilias-srs.net,0
flir,whois.nic.flir,0
電訊盈科,whois.afilias-srs.net,0
tiaa,whois.nic.tiaa,0
netflix,whois.nic.netflix,0
shangrila,whois.nic.shangrila,0
mit,whois.afilias-srs.net,0
dot,whois.afilias-srs.net,0
itv,whois.afilias-srs.net,0
lancome,whois.nic.lancome,0
realestate,whois.nic.realestate,0
mattel,whois.nic.mattel,0
dtv,whois.afilias-srs.net,0
locker,whois.afilias-srs.net,0
ollo,whois.afilias-srs.net,0
ott,whois.afilias-srs.net,0
lancia,whois.afilias-srs.net,0
msd,whois.nic.msd,0
ups,whois.afilias-srs.net,0
hisamitsu,whois.nic.gmo,0
pioneer,whois.nic.gmo,0
zappos,whois.nic.zappos,0
farmers,whois.nic.farmers,0
cbre,whois.nic.cbre,0
audible,whois.nic.audible,0
chintai,whois.nic.chintai,0
deal,whois.nic.deal,0
epost,whois.nic.epost,0
fire,whois.nic.fire,0
imdb,whois.nic.imdb,0
kindle,whois.nic.kindle,0
now,whois.nic.now,0
prime,whois.nic.prime,0
save,whois.nic.save,0
silk,whois.nic.silk,0
tdk,whois.nic.tdk,0
dunlop,whois.afilias-srs.net,0
goodyear,whois.afilias-srs.net,0
kosher,whois.afilias-srs.net,0
anz,whois.nic.anz,0
orientexpress,whois.afilias-srs.net,0
fedex,whois.afilias-srs.net,0
cookingchannel,whois.nic.cookingchannel,0
foodnetwork,whois.nic.foodnetwork,0
frontdoor,whois.nic.frontdoor,0
hgtv,whois.nic.hgtv,0
politie,whois.nic.politie,0
travelchannel,whois.nic.travelchannel,0
woodside,whois.nic.woodside,0
fujixerox,whois.nic.fujixerox,0
pnc,whois.afilias-srs.net,0
香格里拉,whois.nic.xn--5su34j936bgsg,0
zippo,whois.nic.zippo,0
nike,whois.nic.nike,0
citadel,whois.nic.citadel,0
homegoods,whois.nic.homegoods,0
bbt,whois.nic.bbt,0
comcast,whois.nic.comcast,0
fujitsu,whois.nic.gmo,0
godaddy,whois.afilias-srs.net,0
mitsubishi,whois.nic.gmo,0
xfinity,whois.nic.xfinity,0
ses,whois.nic.ses,0
intuit,whois.nic.intuit,0
beauty,whois.nic.beauty,0
macys,whois.nic.macys,0
mint,whois.nic.mint,0
homesense,whois.nic.homesense,0
allstate,whois.afilias-srs.net,0
goodhands,whois.afilias-srs.net,0
lefrak,whois.nic.lefrak,0
lundbeck,whois.nic.lundbeck,0
marshalls,whois.nic.marshalls,0
nationwide,whois.nic.nationwide,0
onyourside,whois.nic.onyourside,0
panasonic,whois.nic.gmo,0
pfizer,whois.nic.pfizer,0
smart,whois-gtld.smart.com.ph,0
staples,whois.nic.staples,0
tjmaxx,whois.nic.tjmaxx,0
tjx,whois.nic.tjx,0
tkmaxx,whois.nic.tkmaxx,0
vivo,whois.nic.vivo,0
winners,whois.nic.winners,0
amfam,whois.nic.amfam,0
ladbrokes,whois.nic.ladbrokes,0
vanguard,whois.nic.vanguard,0
bestbuy,whois.afilias-srs.net,0
lplfinancial,whois.nic.lplfinancial,0
doctor,whois.donuts.co,0
duck,whois.nic.duck,0
ieee,whois.nic.ieee,0
off,whois.nic.off,0
raid,whois.nic.raid,0
rightathome,whois.nic.rightathome,0
scjohnson,whois.nic.scjohnson,0
swiftcover,whois.nic.swiftcover,0
honeywell,whois.nic.honeywell,0
booking,whois.nic.booking,0
esurance,whois.afilias-srs.net,0
abc,whois.nic.abc,0
capitalone,whois.nic.capitalone,0
eco,whois.afilias-srs.net,0
americanfamily,whois.nic.americanfamily,0
chrysler,whois.afilias-srs.net,0
glade,whois.nic.glade,0
hyatt,whois.nic.hyatt,0
intel,whois.nic.intel,0
jeep,whois.afilias-srs.net,0
pramerica,whois.nic.pramerica,0
pru,whois.nic.pru,0
prudential,whois.nic.prudential,0
srt,whois.afilias-srs.net,0
uconnect,whois.afilias-srs.net,0
visa,whois.nic.visa,0
ferrari,whois.afilias-srs.net,0
lilly,whois.nic.lilly,0
mckinsey,whois.afilias-srs.net,0
alfaromeo,whois.afilias-srs.net,0
bofa,whois.nic.bofa,0
fiat,whois.afilias-srs.net,0
juniper,whois.nic.juniper,0
mopar,whois.afilias-srs.net,0
nba,whois.nic.nba,0
asda,whois.nic.asda,0
abarth,whois.afilias-srs.net,0
athleta,whois.nic.athleta,0
bananarepublic,whois.nic.bananarepublic,0
blockbuster,whois.afilias-srs.net,0
calvinklein,whois.nic.calvinklein,0
cbs,whois.afilias-srs.net,0
dodge,whois.afilias-srs.net,0
gap,whois.nic.gap,0
latino,whois.afilias-srs.net,0
maserati,whois.afilias-srs.net,0
oldnavy,whois.nic.oldnavy,0
showtime,whois.afilias-srs.net,0
target,whois.nic.target,0
diy,whois.nic.diy,0
americanexpress,whois.nic.americanexpress,0
amex,whois.nic.amex,0
mcd,whois.nic.mcd,0
mcdonalds,whois.nic.mcdonalds,0
open,whois.nic.open,0
dish,whois.afilias-srs.net,0
hot,whois.nic.hot,0
hughes,whois.afilias-srs.net,0
pay,whois.nic.pay,0
secure,whois.nic.secure,0
sling,whois.afilias-srs.net,0
hbo,whois.nic.hbo,0
ubank,whois.nic.ubank,0
hdfc,whois.afilias-srs.net,0
aigo,whois.afilias-srs.net,0
大众汽车,whois.afilias-srs.net,0
auspost,whois.nic.auspost,0
george,whois.nic.george,0
samsclub,whois.nic.samsclub,0
walmart,whois.nic.walmart,0
doosan,whois.nic.doosan,0
ac,whois.nic.ac,0
ae,whois.aeda.net.ae,0
aero,whois.aero,0
af,whois.nic.af,0
ag,whois.nic.ag,0
ai,whois.ai,0
al,whois.nic.al,0
am,whois.amnic.net,0
ar,whois.nic.ar,0
arpa,whois.iana.org,0
as,whois.nic.as,0
asia,whois.nic.asia,0
at,whois.nic.at,0
au,whois.audns.net.au,0
aw,whois.nic.aw,0
ax,whois.ax,0
be,whois.dns.be,0
bg,whois.register.bg,0
bh,whois.nic.bh,0
bi,whois1.nic.bi,0
bj,whois.nic.bj,0
bn,whois.bnnic.bn,0
bnpparibas,whois.afilias-srs.net,0
bo,whois.nic.bo,0
br,whois.registro.br,0
bw,whois.nic.net.bw,0
by,whois.cctld.by,0
ca,whois.cira.ca,0
cc,ccwhois.verisign-grs.com,0
cd,whois.nic.cd,0
cf,whois.dot.cf,0
ch,whois.nic.ch,0
ci,whois.nic.ci,0
ck,whois.nic.ck,0
cl,whois.nic.cl,0
cm,whois.nic.cm,0
cn,whois.cnnic.cn,0
co,whois.nic.co,0
cr,whois.nic.cr,0
cx,whois.nic.cx,0
cz,whois.nic.cz,0
de,whois.denic.de,0
dk,whois.dk-hostmaster.dk,0
dm,whois.nic.dm,0
do,whois.nic.do,0
dz,whois.nic.dz,0
ec,whois.nic.ec,0
edu,whois.educause.edu,0
ee,whois.tld.ee,0
es,whois.nic.es,0
eu,whois.eu,0
fi,whois.fi,0
fk,whois.nic.fk,0
fm,whois.nic.fm,0
fo,whois.nic.fo,0
fr,whois.nic.fr,0
gd,whois.nic.gd,0
gdn,whois.nic.gdn,0
gf,whois.nic.gf,0
gg,whois.gg,0
gh,whois.nic.gh,0
gi,whois2.afilias-grs.net,0
gl,whois.nic.gl,0
gov,whois.dotgov.gov,0
gp,whois.nic.gp,0
gq,whois.dominio.gq,0
gs,whois.nic.gs,0
gy,whois.registry.gy,0
hk,whois.hkirc.hk,0
hm,whois.registry.hm,0
hn,whois.nic.hn,0
hr,whois.dns.hr,0
ht,whois.nic.ht,0
hu,whois.nic.hu,0
id,whois.pandi.or.id,0
ie,whois.domainregistry.ie,0
ifm,whois.nic.ifm,0
il,whois.isoc.org.il,0
im,whois.nic.im,0
in,whois.inregistry.net,0
int,whois.iana.org,0
io,whois.nic.io,0
iq,whois.cmc.iq,0
ir,whois.nic.ir,0
is,whois.isnic.is,0
it,whois.nic.it,0
je,whois.je,0
jp,whois.jprs.jp,0
ke,whois.kenic.or.ke,0
kg,whois.domain.kg,0
ki,whois.nic.ki,0
kr,whois.kr,0
ky,whois.kyregistry.ky,0
kz,whois.nic.kz,0
la,whois.nic.la,0
lc,whois.nic.lc,0
li,whois.nic.li,0
lk,whois.nic.lk,0
lt,whois.domreg.lt,0
lu,whois.dns.lu,0
lv,whois.nic.lv,0
ly,whois.nic.ly,0
ma,whois.registre.ma,0
md,whois.nic.md,0
me,whois.nic.me,0
mg,whois.nic.mg,0
mk,whois.marnet.mk,0
ml,whois.dot.ml,0
mn,whois.nic.mn,0
mo,whois.monic.mo,0
mp,whois.nic.mp,0
ms,whois.nic.ms,0
mt,whois.nic.mt,0
mu,whois.nic.mu,0
mx,whois.mx,0
my,whois.mynic.my,0
mz,whois.nic.mz,0
na,whois.na-nic.com.na,0
name,whois.nic.name,0
nc,whois.nc,0
nf,whois.nic.nf,0
ng,whois.nic.net.ng,0
nl,whois.domain-registry.nl,0
no,whois.norid.no,0
nu,whois.iis.nu,0
nz,whois.srs.net.nz,0
om,whois.registry.om,0
pe,kero.yachay.pe,0
pf,whois.registry.pf,0
ph,whois.nic.ph,0
pl,whois.dns.pl,0
pm,whois.nic.pm,0
post,whois.dotpostregistry.net,0
pr,whois.nic.pr,0
ps,whois.nic.ps,0
pt,whois.dns.pt,0
pw,whois.nic.pw,0
qa,whois.registry.qa,0
re,whois.nic.re,0
ro,whois.rotld.ro,0
rs,whois.rnids.rs,0
ru,whois.tcinet.ru,0
sa,whois.nic.net.sa,0
sb,whois.nic.net.sb,0
sc,whois2.afilias-grs.net,0
se,whois.iis.se,0
sg,whois.sgnic.sg,0
sh,whois.nic.sh,0
si,whois.register.si,0
sk,whois.sk-nic.sk,0
sl,whois.nic.sl,0
sm,whois.nic.sm,0
sn,whois.nic.sn,0
so,whois.nic.so,0
st,whois.nic.st,0
su,whois.tcinet.ru,0
sx,whois.sx,0
sy,whois.tld.sy,0
tc,whois.nic.tc,0
tel,whois.nic.tel,0
tf,whois.nic.tf,0
tg,whois.nic.tg,0
th,whois.thnic.co.th,0
tk,whois.dot.tk,0
tl,whois.nic.tl,0
tm,whois.nic.tm,0
tn,whois.ati.tn,0
to,whois.tonic.to,0
tr,whois.nic.tr,0
tv,tvwhois.verisign-grs.com,0
tw,whois.twnic.net.tw,0
tz,whois.tznic.or.tz,0
ua,whois.ua,0
ug,whois.co.ug,0
uk,whois.nic.uk,0
us,whois.nic.us,0
uy,whois.nic.org.uy,0
uz,whois.cctld.uz,0
vc,whois2.afilias-grs.net,0
ve,whois.nic.ve,0
vg,whois.nic.vg,0
vi,whois.nic.vi,0
vn,whois.nic.vn,0
vu,vunic.vu,0
wf,whois.nic.wf,0
ws,whois.website.ws,0
한국,whois.kr,0
қаз,whois.nic.kz,0
срб,whois.rnids.rs,0
бел,whois.cctld.by,0
சிங்கப்பூர்,whois.sgnic.sg,0
мкд,whois.marnet.mk,0
中国,cwhois.cnnic.cn,0
中國,cwhois.cnnic.cn,0
укр,whois.dotukr.com,0
香港,whois.hkirc.hk,0
台湾,whois.twnic.net.tw,0
台灣,whois.twnic.net.tw,0
政府,whois.nic.xn--mxtq1m,0
გე,whois.itdc.ge,0
ไทย,whois.thnic.co.th,0
рф,whois.tcinet.ru,0
հայ,whois.amnic.net,0
新加坡,whois.sgnic.sg,0
yt,whois.nic.yt,0
zm,whois.nic.zm,0
unicom,whois.nic.unicom,0
澳門,whois.monic.mo,0
htc,whois.nic.htc,0
shaw,whois.afilias-srs.net,0
wow,whois.nic.wow,0
alstom,whois.nic.alstom,0
бг,whois.imena.bg,0
duns,whois.nic.duns,0
banamex,whois.nic.banamex,0
citi,whois.nic.citi,0
discover,whois.nic.discover,0
fido,whois.afilias-srs.net,0
loft,whois.nic.loft,0
qvc,whois.nic.qvc,0
monster,whois.afilias-srs.net,0
rogers,whois.afilias-srs.net,0
